{
  "method": "iterative",
  "evolution_time": 0.1,
  "phase_fraction": 0.931640625,
  "phase_angle": 5.853670686571607,
  "canonical_phase_fraction": 0.931640625,
  "canonical_phase_angle": 5.853670686571607,
  "raw_energy": -4.295146206079794,
  "branching": [
    -129.95885234967153,
    -121.36855993751193,
    -67.12699927787565,
    -58.53670686571607,
    -4.295146206079794,
    4.295146206079794,
    58.53670686571607,
    67.12699927787565,
    121.36855993751193,
    129.95885234967153
  ],
  "resolved_energy": -4.295146206079794,
  "bits_msb_first": [
    0,
    1,
    0,
    1,
    1,
    1,
    0,
    1,
    1,
    1
  ],
  "bitstring_msb_first": "0101110111",
  "version": "0.1.0"
}
