{
  "method": "iterative",
  "evolution_time": 0.1,
  "phase_fraction": 0.9326171875,
  "phase_angle": 5.859806609723149,
  "canonical_phase_fraction": 0.9326171875,
  "canonical_phase_angle": 5.859806609723149,
  "raw_energy": -4.233786974564371,
  "branching": [
    -129.8974931181561,
    -121.42991916902736,
    -67.06564004636023,
    -58.598066097231495,
    -4.233786974564371,
    4.233786974564371,
    58.598066097231495,
    67.06564004636023,
    121.42991916902736,
    129.8974931181561
  ],
  "resolved_energy": -4.233786974564371,
  "bits_msb_first": [
    1,
    1,
    0,
    1,
    1,
    1,
    0,
    1,
    1,
    1
  ],
  "bitstring_msb_first": "1101110111",
  "version": "0.1.0"
}
