{
  "num_orbitals": 2,
  "num_ranks": 1,
  "num_bases": 2,
  "num_copies": 1,
  "num_electrons": 2,
  "core_energy": 0.0,
  "one_body_integrals": [
    [0.16800908511538495, -1.6400461878163037e-07],
    [-1.6400461883249777e-07, 0.17792751562281245]
  ],
  "u_matrices": [
    0.004117746784605163,
    0.9999915220447712,
    -0.29419346229983717,
    -0.9557458902553725
  ],
  "w_matrices": [
    -0.00038483429986995127,
    -0.0012564196337474707
  ],
  "wb_matrix": [
    [0.4491530150331189]
  ],
  "bliss": {
    "alpha1": 3.399741142465915e-21,
    "alpha2": 0.3459366007381965,
    "beta": [
      [0.16800908511538495, -1.6400461878163037e-07],
      [-1.6400461883249777e-07, 0.17792751562281245]
    ]
  }
}