{
  "method": "iterative",
  "evolution_time": 0.1,
  "phase_fraction": 0.0,
  "phase_angle": 0.0,
  "canonical_phase_fraction": 0.0,
  "canonical_phase_angle": 0.0,
  "raw_energy": 0.0,
  "branching": [
    -125.66370614359172,
    -62.83185307179586,
    0.0,
    62.83185307179586,
    125.66370614359172
  ],
  "resolved_energy": 0.0,
  "bits_msb_first": [
    0,
    0,
    0,
    0,
    0,
    0,
    0,
    0,
    0,
    0
  ],
  "bitstring_msb_first": "0000000000",
  "version": "0.1.0"
}
