{
  "method": "iterative",
  "evolution_time": 0.1,
  "phase_fraction": 0.9765625000000001,
  "phase_angle": 6.135923151542565,
  "canonical_phase_fraction": 0.9765625000000001,
  "canonical_phase_angle": 6.135923151542565,
  "raw_energy": -1.4726215563702105,
  "branching": [
    -127.13632769996194,
    -124.19108458722151,
    -64.30447462816608,
    -61.35923151542565,
    -1.4726215563702105,
    1.4726215563702105,
    61.35923151542565,
    64.30447462816608,
    124.19108458722151,
    127.13632769996194
  ],
  "resolved_energy": -1.4726215563702105,
  "bits_msb_first": [
    0,
    0,
    0,
    1,
    0,
    1,
    1,
    1,
    1,
    1
  ],
  "bitstring_msb_first": "0001011111",
  "version": "0.1.0"
}
