{
  "method": "iterative",
  "evolution_time": 0.1,
  "phase_fraction": 0.05078125000000001,
  "phase_angle": 0.3190680038802134,
  "canonical_phase_fraction": 0.94921875,
  "canonical_phase_angle": 5.964117303299373,
  "raw_energy": 3.190680038802134,
  "branching": [
    -128.85438618239385,
    -122.4730261047896,
    -66.02253311059799,
    -59.64117303299373,
    -3.190680038802134,
    3.190680038802134,
    59.64117303299373,
    66.02253311059799,
    122.4730261047896,
    128.85438618239385
  ],
  "resolved_energy": -3.190680038802134,
  "bits_msb_first": [
    0,
    0,
    1,
    0,
    1,
    1,
    0,
    0,
    0,
    0
  ],
  "bitstring_msb_first": "0010110000",
  "version": "0.1.0"
}
