{
  "method": "iterative",
  "evolution_time": 0.1,
  "phase_fraction": 0.98828125,
  "phase_angle": 6.209554229361076,
  "canonical_phase_fraction": 0.98828125,
  "canonical_phase_angle": 6.209554229361076,
  "raw_energy": -0.7363107781851053,
  "branching": [
    -126.40001692177682,
    -124.92739536540662,
    -63.56816384998097,
    -62.095542293610755,
    -0.7363107781851053,
    0.7363107781851053,
    62.095542293610755,
    63.56816384998097,
    124.92739536540662,
    126.40001692177682
  ],
  "resolved_energy": -0.7363107781851053,
  "bits_msb_first": [
    0,
    0,
    1,
    0,
    1,
    1,
    1,
    1,
    1,
    1
  ],
  "bitstring_msb_first": "0010111111",
  "version": "0.1.0"
}
