{
  "method": "iterative",
  "evolution_time": 0.1,
  "phase_fraction": 0.05859374999999999,
  "phase_angle": 0.36815538909255385,
  "canonical_phase_fraction": 0.9414062500000001,
  "canonical_phase_angle": 5.915029918087033,
  "raw_energy": 3.6815538909255383,
  "branching": [
    -129.34526003451725,
    -121.98215225266618,
    -66.5134069627214,
    -59.15029918087033,
    -3.6815538909255383,
    3.6815538909255383,
    59.15029918087033,
    66.5134069627214,
    121.98215225266618,
    129.34526003451725
  ],
  "resolved_energy": -3.6815538909255383,
  "bits_msb_first": [
    0,
    0,
    1,
    1,
    1,
    1,
    0,
    0,
    0,
    0
  ],
  "bitstring_msb_first": "0011110000",
  "version": "0.1.0"
}
