{
  "method": "qdk_iterative",
  "evolution_time": 0.31221504445734377,
  "phase_fraction": 0.73828125,
  "phase_angle": 4.638757902566179,
  "canonical_phase_fraction": 0.73828125,
  "canonical_phase_angle": 4.638757902566179,
  "raw_energy": -5.266970422490567,
  "branching": [
    -45.51605783017968,
    -34.98211698519855,
    -25.391514126335125,
    -14.857573281353993,
    -5.266970422490567,
    5.266970422490567,
    14.857573281353993,
    25.391514126335125,
    34.98211698519855,
    45.51605783017968
  ],
  "bits_msb_first": [
    0,
    0,
    1,
    0,
    1,
    1,
    1,
    1,
    0,
    1
  ],
  "bitstring_msb_first": "0010111101",
  "version": "0.1.0"
}