{
  "method": "iterative",
  "evolution_time": 0.1,
  "phase_fraction": 0.861328125,
  "phase_angle": 5.411884219660542,
  "canonical_phase_fraction": 0.861328125,
  "canonical_phase_angle": 5.411884219660542,
  "raw_energy": -8.713010875190443,
  "branching": [
    -134.37671701878216,
    -116.95069526840128,
    -71.54486394698631,
    -54.11884219660542,
    -8.713010875190443,
    8.713010875190443,
    54.11884219660542,
    71.54486394698631,
    116.95069526840128,
    134.37671701878216
  ],
  "resolved_energy": -8.713010875190443,
  "bits_msb_first": [
    0,
    1,
    0,
    0,
    1,
    1,
    1,
    0,
    1,
    1
  ],
  "bitstring_msb_first": "0100111011",
  "version": "0.1.0"
}
