{
  "method": "iterative",
  "evolution_time": 0.1,
  "phase_fraction": 0.9160156249999999,
  "phase_angle": 5.755495916146925,
  "canonical_phase_fraction": 0.9160156249999999,
  "canonical_phase_angle": 5.755495916146925,
  "raw_energy": -5.27689391032661,
  "branching": [
    -130.94060005391833,
    -120.38681223326512,
    -68.10874698212247,
    -57.554959161469256,
    -5.27689391032661,
    5.27689391032661,
    57.554959161469256,
    68.10874698212247,
    120.38681223326512,
    130.94060005391833
  ],
  "resolved_energy": -5.27689391032661,
  "bits_msb_first": [
    0,
    1,
    0,
    1,
    0,
    1,
    0,
    1,
    1,
    1
  ],
  "bitstring_msb_first": "0101010111",
  "version": "0.1.0"
}
