{
  "method": "iterative",
  "evolution_time": 0.1,
  "phase_fraction": 0.91015625,
  "phase_angle": 5.71868037723767,
  "canonical_phase_fraction": 0.91015625,
  "canonical_phase_angle": 5.71868037723767,
  "raw_energy": -5.645049299419158,
  "branching": [
    -131.30875544301088,
    -120.01865684417257,
    -68.47690237121502,
    -57.186803772376706,
    -5.645049299419158,
    5.645049299419158,
    57.186803772376706,
    68.47690237121502,
    120.01865684417257,
    131.30875544301088
  ],
  "resolved_energy": -5.645049299419158,
  "bits_msb_first": [
    0,
    0,
    1,
    0,
    0,
    1,
    0,
    1,
    1,
    1
  ],
  "bitstring_msb_first": "0010010111",
  "version": "0.1.0"
}
