{
  "method": "iterative",
  "evolution_time": 0.1,
  "phase_fraction": 0.9169921875,
  "phase_angle": 5.7616318392984684,
  "canonical_phase_fraction": 0.9169921875,
  "canonical_phase_angle": 5.7616318392984684,
  "raw_energy": -5.215534678811178,
  "branching": [
    -130.8792408224029,
    -120.44817146478054,
    -68.04738775060704,
    -57.61631839298468,
    -5.215534678811178,
    5.215534678811178,
    57.61631839298468,
    68.04738775060704,
    120.44817146478054,
    130.8792408224029
  ],
  "resolved_energy": -5.215534678811178,
  "bits_msb_first": [
    1,
    1,
    0,
    1,
    0,
    1,
    0,
    1,
    1,
    1
  ],
  "bitstring_msb_first": "1101010111",
  "version": "0.1.0"
}
